id,currency_value_formatted,last_updated,currency_name,currency_value,currency_code
10301050,"83,811.38999997",2025-04-13 10:57:24.654064,Bitcoin,83811.389999974000000000,BTC
10301008,"83,811.24000018",2025-04-13 10:57:04.644655,Bitcoin,83811.240000184500000000,BTC
10300949,"83,810.63500023",2025-04-13 10:56:54.631882,Bitcoin,83810.635000232400000000,BTC
10300887,"83,796.96000011",2025-04-13 10:56:44.614746,Bitcoin,83796.960000108900000000,BTC
10300802,"83,786.20500001",2025-04-13 10:56:24.648039,Bitcoin,83786.205000013200000000,BTC
10300749,"83,782.60499992",2025-04-13 10:56:09.637816,Bitcoin,83782.604999916600000000,BTC
10300707,"83,783.28500015",2025-04-13 10:55:54.655066,Bitcoin,83783.285000149800000000,BTC
10300637,"83,782.03000018",2025-04-13 10:55:44.678623,Bitcoin,83782.030000182600000000,BTC
10300569,"83,784.97000007",2025-04-13 10:55:29.650502,Bitcoin,83784.970000066800000000,BTC
10300503,"83,780.95499972",2025-04-13 10:55:14.621467,Bitcoin,83780.954999724500000000,BTC
10300454,"83,842.63499973",2025-04-13 10:54:54.642198,Bitcoin,83842.634999727300000000,BTC
10300414,"83,839.51499971",2025-04-13 10:54:44.638953,Bitcoin,83839.514999705900000000,BTC
10300360,"83,839.45499966",2025-04-13 10:54:34.664050,Bitcoin,83839.454999656200000000,BTC
10300277,"83,823.75500008",2025-04-13 10:54:24.644477,Bitcoin,83823.755000078600000000,BTC
10300221,"83,827.54499997",2025-04-13 10:54:04.652042,Bitcoin,83827.544999965400000000,BTC
10300166,"83,820.09000019",2025-04-13 10:53:44.602655,Bitcoin,83820.090000193800000000,BTC
10300121,"83,818.83999981",2025-04-13 10:53:34.629939,Bitcoin,83818.839999813500000000,BTC
10300037,"83,821.61499983",2025-04-13 10:53:19.674830,Bitcoin,83821.614999828800000000,BTC
10299986,"83,823.86000025",2025-04-13 10:53:04.706543,Bitcoin,83823.860000248400000000,BTC
10299924,"83,821.62000028",2025-04-13 10:52:54.675558,Bitcoin,83821.620000278200000000,BTC
10299865,"83,807.21000005",2025-04-13 10:52:29.684568,Bitcoin,83807.210000048200000000,BTC
10299818,"83,804.16999995",2025-04-13 10:52:24.651584,Bitcoin,83804.169999949000000000,BTC
10299779,"83,800.59999977",2025-04-13 10:52:19.666117,Bitcoin,83800.599999769500000000,BTC
10299712,"83,804.16999995",2025-04-13 10:52:14.642214,Bitcoin,83804.169999949000000000,BTC
10299615,"83,776.68500003",2025-04-13 10:51:54.663219,Bitcoin,83776.685000026800000000,BTC
10299562,"83,772.09499972",2025-04-13 10:51:34.735538,Bitcoin,83772.094999724300000000,BTC
10299481,"83,765.79500021",2025-04-13 10:51:19.712982,Bitcoin,83765.795000205400000000,BTC
10299330,"83,759.99499983",2025-04-13 10:50:54.684788,Bitcoin,83759.994999825200000000,BTC
10299269,"83,728.68499970",2025-04-13 10:50:49.666259,Bitcoin,83728.684999704900000000,BTC
10299227,"83,715.13499985",2025-04-13 10:50:34.662388,Bitcoin,83715.134999850300000000,BTC
10299166,"83,709.21499998",2025-04-13 10:50:24.630829,Bitcoin,83709.214999980100000000,BTC
10299111,"83,700.47000016",2025-04-13 10:50:04.638967,Bitcoin,83700.470000159800000000,BTC
10299031,"83,687.89000003",2025-04-13 10:49:44.674495,Bitcoin,83687.890000031300000000,BTC
10298972,"83,664.24499974",2025-04-13 10:49:29.678667,Bitcoin,83664.244999740600000000,BTC
10298916,"83,644.98500007",2025-04-13 10:49:19.674592,Bitcoin,83644.985000065600000000,BTC
10298867,"83,645.09500032",2025-04-13 10:48:59.671448,Bitcoin,83645.095000323400000000,BTC
10298774,"83,660.49499980",2025-04-13 10:48:54.684012,Bitcoin,83660.494999802600000000,BTC
10298712,"83,702.06500028",2025-04-13 10:48:34.684499,Bitcoin,83702.065000280900000000,BTC
10298658,"83,701.03000022",2025-04-13 10:48:24.685676,Bitcoin,83701.030000217700000000,BTC
10298612,"83,714.21000021",2025-04-13 10:48:14.676622,Bitcoin,83714.210000214600000000,BTC
10298537,"83,695.40500001",2025-04-13 10:47:54.668700,Bitcoin,83695.405000012500000000,BTC
10298478,"83,695.22999994",2025-04-13 10:47:49.665409,Bitcoin,83695.229999944000000000,BTC
10298448,"83,683.49000015",2025-04-13 10:47:34.672074,Bitcoin,83683.490000147600000000,BTC
10298409,"83,677.50999971",2025-04-13 10:47:19.634685,Bitcoin,83677.509999707500000000,BTC
10298347,"83,680.92000015",2025-04-13 10:47:09.639004,Bitcoin,83680.920000150100000000,BTC
10298289,"83,681.63499965",2025-04-13 10:46:49.635947,Bitcoin,83681.634999652600000000,BTC
10298192,"83,681.20499992",2025-04-13 10:46:34.658741,Bitcoin,83681.204999922100000000,BTC
10298108,"83,699.22499971",2025-04-13 10:46:09.632457,Bitcoin,83699.224999707400000000,BTC
10298033,"83,737.46499976",2025-04-13 10:45:59.652211,Bitcoin,83737.464999758900000000,BTC
10297981,"83,710.06499995",2025-04-13 10:45:34.640432,Bitcoin,83710.064999949100000000,BTC
10297906,"83,714.64500032",2025-04-13 10:45:24.646824,Bitcoin,83714.645000323100000000,BTC
10297858,"83,708.67500019",2025-04-13 10:45:14.653161,Bitcoin,83708.675000186800000000,BTC
10297803,"83,712.13500027",2025-04-13 10:44:59.602049,Bitcoin,83712.135000274000000000,BTC
10297661,"83,701.03500030",2025-04-13 10:44:24.670144,Bitcoin,83701.035000302000000000,BTC
10297621,"83,693.94500034",2025-04-13 10:44:14.657345,Bitcoin,83693.945000342700000000,BTC
10297562,"83,700.58500001",2025-04-13 10:44:04.662213,Bitcoin,83700.585000010700000000,BTC
10297503,"83,675.75500034",2025-04-13 10:43:49.659243,Bitcoin,83675.755000343900000000,BTC
10297432,"83,666.45499966",2025-04-13 10:43:34.680124,Bitcoin,83666.454999660700000000,BTC
10297389,"83,674.01999971",2025-04-13 10:43:14.625862,Bitcoin,83674.019999708700000000,BTC
10297296,"83,673.99500003",2025-04-13 10:43:09.641878,Bitcoin,83673.995000025600000000,BTC
10297221,"83,676.85999989",2025-04-13 10:42:44.660001,Bitcoin,83676.859999891400000000,BTC
10297162,"83,693.81999998",2025-04-13 10:42:24.658927,Bitcoin,83693.819999977100000000,BTC
10297099,"83,703.87499970",2025-04-13 10:42:14.661703,Bitcoin,83703.874999697100000000,BTC
10297027,"83,737.23000009",2025-04-13 10:41:59.646471,Bitcoin,83737.230000086500000000,BTC
10296972,"83,737.77000023",2025-04-13 10:41:44.644976,Bitcoin,83737.770000226300000000,BTC
10296901,"83,717.47499976",2025-04-13 10:41:24.688981,Bitcoin,83717.474999761500000000,BTC
10296824,"83,728.76500002",2025-04-13 10:41:14.686071,Bitcoin,83728.765000018700000000,BTC
10296733,"83,758.24500014",2025-04-13 10:40:49.648816,Bitcoin,83758.245000141400000000,BTC
10296684,"83,757.81999971",2025-04-13 10:40:39.659728,Bitcoin,83757.819999708900000000,BTC
10296621,"83,738.62000030",2025-04-13 10:40:24.663810,Bitcoin,83738.620000298100000000,BTC
10296524,"83,760.55000020",2025-04-13 10:40:14.620921,Bitcoin,83760.550000196900000000,BTC
10296472,"83,786.04499966",2025-04-13 10:39:59.675046,Bitcoin,83786.044999664100000000,BTC
10296424,"83,772.88499966",2025-04-13 10:39:54.663313,Bitcoin,83772.884999663600000000,BTC
10296376,"83,786.04499966",2025-04-13 10:39:49.647348,Bitcoin,83786.044999664100000000,BTC
10296319,"83,772.88499966",2025-04-13 10:39:39.659885,Bitcoin,83772.884999663600000000,BTC
10296252,"83,779.66499965",2025-04-13 10:39:24.654107,Bitcoin,83779.664999651000000000,BTC
10296189,"83,782.70500019",2025-04-13 10:39:09.650055,Bitcoin,83782.705000187700000000,BTC
10296094,"83,772.56000004",2025-04-13 10:38:49.681602,Bitcoin,83772.560000043300000000,BTC
10296017,"83,748.05999988",2025-04-13 10:38:34.643340,Bitcoin,83748.059999880300000000,BTC
10295952,"83,731.39999988",2025-04-13 10:38:14.670890,Bitcoin,83731.399999881900000000,BTC
10295863,"83,721.70499991",2025-04-13 10:37:54.651853,Bitcoin,83721.704999913900000000,BTC
10295804,"83,730.14000017",2025-04-13 10:37:39.661075,Bitcoin,83730.140000168300000000,BTC
10295746,"83,731.71500013",2025-04-13 10:37:19.658139,Bitcoin,83731.715000126900000000,BTC
10295697,"83,747.21500032",2025-04-13 10:37:04.647263,Bitcoin,83747.215000319500000000,BTC
10295620,"83,760.04500031",2025-04-13 10:36:49.663968,Bitcoin,83760.045000309300000000,BTC
10295541,"83,742.20500027",2025-04-13 10:36:34.654599,Bitcoin,83742.205000266500000000,BTC
10295475,"83,710.32500030",2025-04-13 10:36:24.654952,Bitcoin,83710.325000295800000000,BTC
10295413,"83,710.20499983",2025-04-13 10:36:19.653521,Bitcoin,83710.204999827300000000,BTC
10295351,"83,710.32500030",2025-04-13 10:36:14.669036,Bitcoin,83710.325000295800000000,BTC
10295255,"83,710.20499983",2025-04-13 10:35:59.636542,Bitcoin,83710.204999827300000000,BTC
10295190,"83,714.97999995",2025-04-13 10:35:39.672079,Bitcoin,83714.979999951700000000,BTC
10295132,"83,723.87499984",2025-04-13 10:35:29.717607,Bitcoin,83723.874999842700000000,BTC
10295053,"83,730.62500011",2025-04-13 10:35:14.657259,Bitcoin,83730.625000109400000000,BTC
10294951,"83,740.89499990",2025-04-13 10:34:49.641853,Bitcoin,83740.894999902000000000,BTC
10294889,"83,711.27499980",2025-04-13 10:34:34.636459,Bitcoin,83711.274999797100000000,BTC
10294826,"83,720.37499973",2025-04-13 10:34:19.627206,Bitcoin,83720.374999732100000000,BTC
10294670,"83,741.59500005",2025-04-13 10:33:49.639681,Bitcoin,83741.595000051200000000,BTC
10294589,"83,771.93499993",2025-04-13 10:33:34.649761,Bitcoin,83771.934999925400000000,BTC
10294479,"83,768.14499967",2025-04-13 10:33:29.668553,Bitcoin,83768.144999668800000000,BTC
10294409,"83,738.20499979",2025-04-13 10:33:14.652180,Bitcoin,83738.204999794300000000,BTC
10294340,"83,691.80500033",2025-04-13 10:33:09.643567,Bitcoin,83691.805000329100000000,BTC
10294271,"83,738.20499979",2025-04-13 10:33:04.645302,Bitcoin,83738.204999794300000000,BTC
10294182,"83,691.80500033",2025-04-13 10:32:54.656685,Bitcoin,83691.805000329100000000,BTC
10294050,"83,756.08500006",2025-04-13 10:32:39.692476,Bitcoin,83756.085000058400000000,BTC
10293961,"83,907.00500000",2025-04-13 10:32:24.651872,Bitcoin,83907.005000001900000000,BTC
10293907,"83,873.11499995",2025-04-13 10:32:04.655620,Bitcoin,83873.114999954800000000,BTC
10293851,"83,861.43499972",2025-04-13 10:31:49.674966,Bitcoin,83861.434999719200000000,BTC
10293729,"83,840.81500031",2025-04-13 10:31:34.755309,Bitcoin,83840.815000314900000000,BTC
10293672,"83,850.02999973",2025-04-13 10:31:19.643771,Bitcoin,83850.029999731300000000,BTC
10293602,"83,843.94499998",2025-04-13 10:31:04.665394,Bitcoin,83843.944999983300000000,BTC
10293535,"83,809.95499990",2025-04-13 10:30:44.655926,Bitcoin,83809.954999897100000000,BTC
10293467,"83,768.80000005",2025-04-13 10:30:29.665887,Bitcoin,83768.800000048100000000,BTC
10293416,"83,778.70500006",2025-04-13 10:30:14.641186,Bitcoin,83778.705000060600000000,BTC
10293356,"83,774.90500033",2025-04-13 10:30:04.643331,Bitcoin,83774.905000328000000000,BTC
10293294,"83,779.83500026",2025-04-13 10:29:49.655801,Bitcoin,83779.835000255500000000,BTC
10293207,"83,779.28500009",2025-04-13 10:29:29.735269,Bitcoin,83779.285000092300000000,BTC
10293162,"83,812.18500016",2025-04-13 10:29:09.642069,Bitcoin,83812.185000165000000000,BTC
10293110,"83,792.19500015",2025-04-13 10:28:59.636596,Bitcoin,83792.195000148700000000,BTC
10293071,"83,771.99000007",2025-04-13 10:28:39.639422,Bitcoin,83771.990000072400000000,BTC
10293012,"83,784.47500027",2025-04-13 10:28:34.645357,Bitcoin,83784.475000267900000000,BTC
10292964,"83,782.61499993",2025-04-13 10:28:19.651988,Bitcoin,83782.614999933000000000,BTC
10292874,"83,781.51499981",2025-04-13 10:28:04.654603,Bitcoin,83781.514999808500000000,BTC
10292816,"83,831.50499987",2025-04-13 10:27:49.693959,Bitcoin,83831.504999869600000000,BTC
10292759,"83,835.03000006",2025-04-13 10:27:34.672276,Bitcoin,83835.030000056100000000,BTC
10292708,"83,844.77499995",2025-04-13 10:27:19.666898,Bitcoin,83844.774999951000000000,BTC
10292645,"83,822.35499976",2025-04-13 10:27:14.684874,Bitcoin,83822.354999763000000000,BTC
10292564,"83,782.74499966",2025-04-13 10:26:49.658431,Bitcoin,83782.744999661000000000,BTC
10292497,"83,790.22499969",2025-04-13 10:26:39.662222,Bitcoin,83790.224999691800000000,BTC
10292445,"83,829.32499981",2025-04-13 10:26:19.726775,Bitcoin,83829.324999808000000000,BTC
10292343,"83,829.99000024",2025-04-13 10:25:59.684108,Bitcoin,83829.990000242300000000,BTC
10292278,"83,773.76499976",2025-04-13 10:25:44.657295,Bitcoin,83773.764999762700000000,BTC
10292210,"83,769.23499997",2025-04-13 10:25:29.633389,Bitcoin,83769.234999971500000000,BTC
10292154,"83,751.73499981",2025-04-13 10:25:09.656855,Bitcoin,83751.734999811600000000,BTC
10292050,"83,756.51500012",2025-04-13 10:24:59.660490,Bitcoin,83756.515000121400000000,BTC
10291972,"83,773.24999993",2025-04-13 10:24:44.659726,Bitcoin,83773.249999933100000000,BTC
10291905,"83,806.71500011",2025-04-13 10:24:29.662548,Bitcoin,83806.715000109700000000,BTC
10291840,"83,821.72999978",2025-04-13 10:24:09.702082,Bitcoin,83821.729999777600000000,BTC
10291753,"83,811.50000002",2025-04-13 10:23:54.679607,Bitcoin,83811.500000020300000000,BTC
10291693,"83,802.22500011",2025-04-13 10:23:34.642484,Bitcoin,83802.225000114300000000,BTC
10291636,"83,768.84500005",2025-04-13 10:23:24.639178,Bitcoin,83768.845000048400000000,BTC
10291579,"83,776.73500009",2025-04-13 10:23:04.624770,Bitcoin,83776.735000085400000000,BTC
10291531,"83,768.25499991",2025-04-13 10:22:44.705645,Bitcoin,83768.254999906000000000,BTC
10291457,"83,754.33999975",2025-04-13 10:22:34.639370,Bitcoin,83754.339999748200000000,BTC
10291416,"83,755.29000031",2025-04-13 10:22:24.660318,Bitcoin,83755.290000312600000000,BTC
10291375,"83,754.05999975",2025-04-13 10:22:19.650841,Bitcoin,83754.059999750800000000,BTC
10291334,"83,755.29000031",2025-04-13 10:22:14.613568,Bitcoin,83755.290000312600000000,BTC
10291265,"83,754.05999975",2025-04-13 10:21:59.650287,Bitcoin,83754.059999750800000000,BTC
10291198,"83,748.17500008",2025-04-13 10:21:44.673205,Bitcoin,83748.175000084700000000,BTC
10291080,"83,801.39000019",2025-04-13 10:21:29.676360,Bitcoin,83801.390000192400000000,BTC
10291028,"83,755.07499970",2025-04-13 10:21:09.651194,Bitcoin,83755.074999704800000000,BTC
10290968,"83,761.84499997",2025-04-13 10:20:54.654036,Bitcoin,83761.844999966300000000,BTC
10290895,"83,757.34499996",2025-04-13 10:20:39.668967,Bitcoin,83757.344999955200000000,BTC
10290817,"83,749.04499973",2025-04-13 10:20:24.665189,Bitcoin,83749.044999726100000000,BTC
10290767,"83,737.87000008",2025-04-13 10:20:09.678169,Bitcoin,83737.870000081600000000,BTC
10290699,"83,746.62499974",2025-04-13 10:19:49.656270,Bitcoin,83746.624999738100000000,BTC
10290634,"83,735.03000022",2025-04-13 10:19:34.659577,Bitcoin,83735.030000217400000000,BTC
10290567,"83,774.96499996",2025-04-13 10:19:19.655476,Bitcoin,83774.964999961300000000,BTC
10290484,"83,776.26499979",2025-04-13 10:19:09.659985,Bitcoin,83776.264999785500000000,BTC
10290379,"83,724.52499987",2025-04-13 10:18:54.695731,Bitcoin,83724.524999868800000000,BTC
10290289,"83,750.00500006",2025-04-13 10:18:39.662785,Bitcoin,83750.005000063700000000,BTC
10290191,"83,788.54999975",2025-04-13 10:18:24.671371,Bitcoin,83788.549999750400000000,BTC
10290123,"83,789.26000019",2025-04-13 10:18:09.661349,Bitcoin,83789.260000193300000000,BTC
10290052,"83,781.44500018",2025-04-13 10:17:54.670329,Bitcoin,83781.445000178300000000,BTC
10289962,"83,792.35500012",2025-04-13 10:17:29.656262,Bitcoin,83792.355000115300000000,BTC
10289881,"83,826.21999969",2025-04-13 10:17:14.678445,Bitcoin,83826.219999687100000000,BTC
10289798,"83,870.35499973",2025-04-13 10:16:59.646216,Bitcoin,83870.354999731500000000,BTC
10289708,"83,887.39499977",2025-04-13 10:16:39.664270,Bitcoin,83887.394999774800000000,BTC
10289632,"83,876.06000018",2025-04-13 10:16:24.654619,Bitcoin,83876.060000181500000000,BTC
10289525,"83,878.72499995",2025-04-13 10:16:04.685896,Bitcoin,83878.724999948600000000,BTC
10289454,"83,834.41499983",2025-04-13 10:15:49.659404,Bitcoin,83834.414999835000000000,BTC
10289386,"83,808.84000001",2025-04-13 10:15:29.651893,Bitcoin,83808.840000012300000000,BTC
10289326,"83,779.07500010",2025-04-13 10:15:09.644778,Bitcoin,83779.075000097300000000,BTC
10289232,"83,780.08500029",2025-04-13 10:14:59.619653,Bitcoin,83780.085000292200000000,BTC
10289156,"83,775.26500012",2025-04-13 10:14:39.668519,Bitcoin,83775.265000118800000000,BTC
10289106,"83,790.49500024",2025-04-13 10:14:14.661942,Bitcoin,83790.495000238900000000,BTC
10289020,"83,810.48500034",2025-04-13 10:14:04.722058,Bitcoin,83810.485000335800000000,BTC
10288937,"83,810.39500009",2025-04-13 10:13:39.651722,Bitcoin,83810.395000093700000000,BTC
10288873,"83,802.69500029",2025-04-13 10:13:24.644309,Bitcoin,83802.695000290900000000,BTC
10288826,"83,802.85500033",2025-04-13 10:13:09.649361,Bitcoin,83802.855000328600000000,BTC
10288761,"83,800.39999970",2025-04-13 10:12:59.679399,Bitcoin,83800.399999696200000000,BTC
10288698,"83,805.04500019",2025-04-13 10:12:34.648282,Bitcoin,83805.045000189800000000,BTC
10288652,"83,799.83499998",2025-04-13 10:12:24.654530,Bitcoin,83799.834999976900000000,BTC
10288612,"83,800.86999977",2025-04-13 10:12:19.641174,Bitcoin,83800.869999767600000000,BTC
10288572,"83,799.83499998",2025-04-13 10:12:14.653689,Bitcoin,83799.834999976900000000,BTC
10288507,"83,800.86999977",2025-04-13 10:12:04.660808,Bitcoin,83800.869999767600000000,BTC
10288432,"83,807.25499989",2025-04-13 10:11:54.665840,Bitcoin,83807.254999885600000000,BTC
10288321,"83,782.56499988",2025-04-13 10:11:34.662983,Bitcoin,83782.564999875000000000,BTC
10288255,"83,782.37000022",2025-04-13 10:11:19.661940,Bitcoin,83782.370000219200000000,BTC
10288200,"83,763.83500014",2025-04-13 10:11:04.657092,Bitcoin,83763.835000143200000000,BTC
10288128,"83,724.94500022",2025-04-13 10:10:54.667605,Bitcoin,83724.945000217100000000,BTC
10288077,"83,725.05499989",2025-04-13 10:10:34.640399,Bitcoin,83725.054999886400000000,BTC
10287999,"83,725.04500029",2025-04-13 10:10:24.663630,Bitcoin,83725.045000286800000000,BTC
10287939,"83,720.14500021",2025-04-13 10:10:09.660964,Bitcoin,83720.145000212900000000,BTC
10287876,"83,707.30000003",2025-04-13 10:09:49.643412,Bitcoin,83707.300000033800000000,BTC
10287798,"83,689.35500006",2025-04-13 10:09:34.661631,Bitcoin,83689.355000061600000000,BTC
10287719,"83,724.10500023",2025-04-13 10:09:24.664369,Bitcoin,83724.105000229500000000,BTC
10287658,"83,765.07500019",2025-04-13 10:09:04.651169,Bitcoin,83765.075000192200000000,BTC
10287589,"83,817.45999979",2025-04-13 10:08:44.624705,Bitcoin,83817.459999787500000000,BTC
10287488,"83,783.10500015",2025-04-13 10:08:24.667088,Bitcoin,83783.105000149400000000,BTC
10287420,"83,794.20999973",2025-04-13 10:08:09.659696,Bitcoin,83794.209999728700000000,BTC
10287369,"83,805.13000029",2025-04-13 10:07:49.634737,Bitcoin,83805.130000291900000000,BTC
10287291,"83,797.03500001",2025-04-13 10:07:44.671022,Bitcoin,83797.035000011400000000,BTC
10287181,"83,808.69499983",2025-04-13 10:07:24.661742,Bitcoin,83808.694999829200000000,BTC
10287070,"83,786.87500008",2025-04-13 10:07:09.668317,Bitcoin,83786.875000083300000000,BTC
10286998,"83,841.75500022",2025-04-13 10:06:54.667422,Bitcoin,83841.755000218200000000,BTC
10286937,"83,874.55500021",2025-04-13 10:06:39.668574,Bitcoin,83874.555000213400000000,BTC
10286854,"83,874.57499985",2025-04-13 10:06:19.658933,Bitcoin,83874.574999851900000000,BTC
10286792,"83,875.76999996",2025-04-13 10:06:04.655963,Bitcoin,83875.769999957700000000,BTC
10286729,"83,872.59500031",2025-04-13 10:05:49.648928,Bitcoin,83872.595000308100000000,BTC
10286671,"83,884.59500005",2025-04-13 10:05:34.659277,Bitcoin,83884.595000045800000000,BTC
10286618,"83,887.56000027",2025-04-13 10:05:19.660970,Bitcoin,83887.560000274100000000,BTC
10286556,"83,872.41499974",2025-04-13 10:05:14.670497,Bitcoin,83872.414999741100000000,BTC
10286465,"83,856.68500014",2025-04-13 10:05:04.674746,Bitcoin,83856.685000137500000000,BTC
10286413,"83,859.60499967",2025-04-13 10:04:54.649714,Bitcoin,83859.604999669800000000,BTC
10286340,"83,888.96000009",2025-04-13 10:04:39.672326,Bitcoin,83888.960000092200000000,BTC
10286266,"83,880.27499989",2025-04-13 10:04:24.710256,Bitcoin,83880.274999894200000000,BTC
10286200,"83,903.04999995",2025-04-13 10:04:04.641999,Bitcoin,83903.049999950000000000,BTC
10286105,"83,914.21999982",2025-04-13 10:03:54.676148,Bitcoin,83914.219999815200000000,BTC
10285997,"83,938.44499997",2025-04-13 10:03:44.659498,Bitcoin,83938.444999965900000000,BTC
10285919,"83,980.33499975",2025-04-13 10:03:34.657060,Bitcoin,83980.334999751900000000,BTC
10285855,"83,988.23999996",2025-04-13 10:03:14.643061,Bitcoin,83988.239999961700000000,BTC
10285773,"84,005.05500005",2025-04-13 10:02:54.642744,Bitcoin,84005.055000051600000000,BTC
10285711,"84,001.78500033",2025-04-13 10:02:49.670892,Bitcoin,84001.785000332000000000,BTC
10285645,"83,985.13999973",2025-04-13 10:02:29.652363,Bitcoin,83985.139999726000000000,BTC
10285569,"83,991.44499977",2025-04-13 10:02:14.676164,Bitcoin,83991.444999765200000000,BTC
10285466,"83,972.04000007",2025-04-13 10:01:49.664588,Bitcoin,83972.040000069300000000,BTC
10285381,"83,988.64000032",2025-04-13 10:01:44.674884,Bitcoin,83988.640000323700000000,BTC
10285319,"84,008.37499988",2025-04-13 10:01:24.642568,Bitcoin,84008.374999884200000000,BTC
10285285,"84,018.85499973",2025-04-13 10:01:09.646688,Bitcoin,84018.854999730600000000,BTC
10285206,"84,018.04499978",2025-04-13 10:00:54.649647,Bitcoin,84018.044999778400000000,BTC
10285146,"84,036.44499972",2025-04-13 10:00:44.665687,Bitcoin,84036.444999722100000000,BTC
10285093,"84,035.52000018",2025-04-13 10:00:34.664164,Bitcoin,84035.520000178900000000,BTC
10285036,"84,035.51500031",2025-04-13 10:00:19.647110,Bitcoin,84035.515000305400000000,BTC
10284975,"84,063.12499995",2025-04-13 09:59:59.610008,Bitcoin,84063.124999953500000000,BTC
10284934,"84,054.99499971",2025-04-13 09:59:39.654635,Bitcoin,84054.994999714900000000,BTC
10284856,"84,053.56499995",2025-04-13 09:59:29.670838,Bitcoin,84053.564999949100000000,BTC
10284807,"84,047.93500020",2025-04-13 09:59:19.649487,Bitcoin,84047.935000204100000000,BTC
10284763,"84,062.44499980",2025-04-13 09:59:14.649749,Bitcoin,84062.444999804700000000,BTC
10284719,"84,047.93500020",2025-04-13 09:59:09.650748,Bitcoin,84047.935000204100000000,BTC
10284659,"84,062.44499980",2025-04-13 09:58:59.683266,Bitcoin,84062.444999804700000000,BTC
10284603,"84,102.86500031",2025-04-13 09:58:39.734499,Bitcoin,84102.865000308400000000,BTC
10284526,"84,068.17500033",2025-04-13 09:58:24.644376,Bitcoin,84068.175000329800000000,BTC
10284465,"84,079.57500030",2025-04-13 09:58:04.650121,Bitcoin,84079.575000301200000000,BTC
10284397,"84,048.77499966",2025-04-13 09:57:49.653245,Bitcoin,84048.774999662600000000,BTC
10284356,"84,034.80500030",2025-04-13 09:57:34.641488,Bitcoin,84034.805000300500000000,BTC
10284284,"84,018.87999978",2025-04-13 09:57:19.649282,Bitcoin,84018.879999781500000000,BTC
10284230,"84,014.92500026",2025-04-13 09:57:04.635160,Bitcoin,84014.925000255300000000,BTC
10284192,"84,035.10000017",2025-04-13 09:56:54.688046,Bitcoin,84035.100000168600000000,BTC
10284143,"84,011.90499998",2025-04-13 09:56:39.663165,Bitcoin,84011.904999982400000000,BTC
10284062,"84,014.82499967",2025-04-13 09:56:24.665481,Bitcoin,84014.824999673400000000,BTC
10284002,"84,008.67500004",2025-04-13 09:56:14.661567,Bitcoin,84008.675000038200000000,BTC
10283932,"83,993.65000006",2025-04-13 09:55:54.679273,Bitcoin,83993.650000064400000000,BTC
10283865,"83,990.45000003",2025-04-13 09:55:39.698541,Bitcoin,83990.450000032300000000,BTC
10283822,"84,007.98000008",2025-04-13 09:55:24.795568,Bitcoin,84007.980000079200000000,BTC
10283770,"83,989.87500018",2025-04-13 09:55:04.657112,Bitcoin,83989.875000176000000000,BTC
10283676,"84,005.72500031",2025-04-13 09:54:49.639542,Bitcoin,84005.725000306700000000,BTC
10283613,"84,011.30000033",2025-04-13 09:54:29.665959,Bitcoin,84011.300000327500000000,BTC
10283567,"84,035.32000005",2025-04-13 09:54:14.664384,Bitcoin,84035.320000053900000000,BTC
10283470,"84,031.68500012",2025-04-13 09:54:04.679171,Bitcoin,84031.685000120600000000,BTC
10283411,"84,067.00500035",2025-04-13 09:53:44.653161,Bitcoin,84067.005000346900000000,BTC
10283356,"84,033.12499966",2025-04-13 09:53:24.689428,Bitcoin,84033.124999661400000000,BTC
10283298,"84,028.10499990",2025-04-13 09:53:14.672112,Bitcoin,84028.104999901700000000,BTC
10283199,"84,045.64000002",2025-04-13 09:52:59.683303,Bitcoin,84045.640000022400000000,BTC
10283137,"84,026.00500007",2025-04-13 09:52:34.656832,Bitcoin,84026.005000071000000000,BTC
10283092,"84,026.93999968",2025-04-13 09:52:19.702525,Bitcoin,84026.939999677400000000,BTC
10283004,"84,020.76499988",2025-04-13 09:52:04.672471,Bitcoin,84020.764999879200000000,BTC
10282944,"83,983.11000034",2025-04-13 09:51:44.672249,Bitcoin,83983.110000337700000000,BTC
10282887,"83,993.62500021",2025-04-13 09:51:29.658922,Bitcoin,83993.625000210500000000,BTC
10282825,"83,975.43500009",2025-04-13 09:51:14.701981,Bitcoin,83975.435000087300000000,BTC
10282736,"83,960.57999973",2025-04-13 09:51:04.681989,Bitcoin,83960.579999728600000000,BTC
10282675,"83,933.40499978",2025-04-13 09:50:49.674142,Bitcoin,83933.404999782200000000,BTC
10282618,"83,927.02500013",2025-04-13 09:50:29.733746,Bitcoin,83927.025000134300000000,BTC
10282564,"83,946.43000012",2025-04-13 09:50:14.652173,Bitcoin,83946.430000122200000000,BTC
10282484,"83,931.83500022",2025-04-13 09:49:59.725891,Bitcoin,83931.835000216000000000,BTC
10282434,"83,942.71500000",2025-04-13 09:49:49.680797,Bitcoin,83942.714999998500000000,BTC
10282379,"83,942.68500005",2025-04-13 09:49:34.672936,Bitcoin,83942.685000049000000000,BTC
10282328,"83,967.94500014",2025-04-13 09:49:19.657266,Bitcoin,83967.945000139400000000,BTC
10282244,"83,936.60500000",2025-04-13 09:48:59.669962,Bitcoin,83936.605000001800000000,BTC
10282196,"83,940.78500019",2025-04-13 09:48:49.700251,Bitcoin,83940.785000186800000000,BTC
10282142,"83,955.12999997",2025-04-13 09:48:39.697591,Bitcoin,83955.129999965700000000,BTC
10282089,"83,951.64000020",2025-04-13 09:48:34.666635,Bitcoin,83951.640000199800000000,BTC
10282036,"83,955.12999997",2025-04-13 09:48:29.729068,Bitcoin,83955.129999965700000000,BTC
10281968,"83,951.64000020",2025-04-13 09:48:19.653961,Bitcoin,83951.640000199800000000,BTC
10281910,"83,979.79999970",2025-04-13 09:47:59.627668,Bitcoin,83979.799999696400000000,BTC
10281840,"83,960.82500020",2025-04-13 09:47:49.665199,Bitcoin,83960.825000200600000000,BTC
10281791,"83,980.85499971",2025-04-13 09:47:29.667116,Bitcoin,83980.854999707400000000,BTC
10281710,"83,979.63500005",2025-04-13 09:47:19.666409,Bitcoin,83979.635000052800000000,BTC
10281663,"83,977.87000017",2025-04-13 09:47:04.662988,Bitcoin,83977.870000167900000000,BTC
10281596,"83,977.84999990",2025-04-13 09:46:54.706017,Bitcoin,83977.849999899100000000,BTC
10281557,"84,023.89500020",2025-04-13 09:46:39.757383,Bitcoin,84023.895000202000000000,BTC
10281483,"84,016.96500014",2025-04-13 09:46:24.704438,Bitcoin,84016.965000136300000000,BTC
10281417,"84,066.29000029",2025-04-13 09:46:09.712081,Bitcoin,84066.290000291800000000,BTC
10281365,"84,023.40499990",2025-04-13 09:45:49.686461,Bitcoin,84023.404999899200000000,BTC
10281322,"84,005.31499988",2025-04-13 09:45:39.711346,Bitcoin,84005.314999882200000000,BTC
10281213,"84,009.93500023",2025-04-13 09:45:24.663802,Bitcoin,84009.935000228200000000,BTC
10281142,"83,997.17500006",2025-04-13 09:45:09.661420,Bitcoin,83997.175000055400000000,BTC
10281057,"84,017.34500024",2025-04-13 09:44:54.666939,Bitcoin,84017.345000243100000000,BTC
10280983,"84,000.76499987",2025-04-13 09:44:34.714386,Bitcoin,84000.764999872500000000,BTC
10280921,"84,024.75500001",2025-04-13 09:44:19.668268,Bitcoin,84024.755000012900000000,BTC
10280847,"83,996.36499968",2025-04-13 09:44:09.665005,Bitcoin,83996.364999683100000000,BTC
10280771,"84,040.66500026",2025-04-13 09:43:54.668300,Bitcoin,84040.665000258000000000,BTC
10280711,"84,065.19999978",2025-04-13 09:43:39.661154,Bitcoin,84065.199999780800000000,BTC
10280623,"84,059.21500024",2025-04-13 09:43:19.647940,Bitcoin,84059.215000237000000000,BTC
10280570,"84,068.87499971",2025-04-13 09:43:04.654634,Bitcoin,84068.874999713700000000,BTC
10280512,"84,103.71500002",2025-04-13 09:42:54.648458,Bitcoin,84103.715000020800000000,BTC
10280452,"84,102.91500002",2025-04-13 09:42:44.702974,Bitcoin,84102.915000023900000000,BTC
10280381,"84,098.42000020",2025-04-13 09:42:29.662594,Bitcoin,84098.420000195900000000,BTC
10280314,"84,059.89499971",2025-04-13 09:42:14.656057,Bitcoin,84059.894999712400000000,BTC
10280242,"84,043.18000005",2025-04-13 09:41:59.633476,Bitcoin,84043.180000045600000000,BTC
10280186,"84,074.65499973",2025-04-13 09:41:44.622727,Bitcoin,84074.654999729300000000,BTC
10280134,"84,099.48500022",2025-04-13 09:41:34.666125,Bitcoin,84099.485000224200000000,BTC
10280047,"84,099.74999974",2025-04-13 09:41:24.687260,Bitcoin,84099.749999736900000000,BTC
10279978,"84,030.58500004",2025-04-13 09:41:04.683277,Bitcoin,84030.585000042100000000,BTC
10279892,"84,001.66000028",2025-04-13 09:40:49.661699,Bitcoin,84001.660000282500000000,BTC
10279815,"84,025.33500035",2025-04-13 09:40:34.665345,Bitcoin,84025.335000351600000000,BTC
10279756,"84,026.91000022",2025-04-13 09:40:24.662342,Bitcoin,84026.910000216400000000,BTC
10279667,"84,043.11499978",2025-04-13 09:40:04.645073,Bitcoin,84043.114999775200000000,BTC
10279604,"84,040.23500021",2025-04-13 09:39:44.663718,Bitcoin,84040.235000211500000000,BTC
10279542,"84,033.54000006",2025-04-13 09:39:34.674800,Bitcoin,84033.540000064200000000,BTC
10279487,"84,028.72999993",2025-04-13 09:39:29.666592,Bitcoin,84028.729999929900000000,BTC
10279432,"84,033.54000006",2025-04-13 09:39:24.641390,Bitcoin,84033.540000064200000000,BTC
10279359,"84,028.72999993",2025-04-13 09:39:14.686584,Bitcoin,84028.729999929900000000,BTC
10279242,"84,021.10000009",2025-04-13 09:38:59.643516,Bitcoin,84021.100000085700000000,BTC
10279170,"83,965.31499977",2025-04-13 09:38:44.626030,Bitcoin,83965.314999771000000000,BTC
10279100,"83,942.13500031",2025-04-13 09:38:29.686417,Bitcoin,83942.135000310800000000,BTC
10279031,"83,938.27000016",2025-04-13 09:38:14.677751,Bitcoin,83938.270000164400000000,BTC
10278943,"83,946.22499978",2025-04-13 09:37:54.665247,Bitcoin,83946.224999778800000000,BTC
10278872,"83,947.72999994",2025-04-13 09:37:39.618834,Bitcoin,83947.729999944300000000,BTC
10278811,"83,992.18999995",2025-04-13 09:37:24.661015,Bitcoin,83992.189999954000000000,BTC
10278730,"83,986.38499968",2025-04-13 09:37:09.666140,Bitcoin,83986.384999680800000000,BTC
10278635,"84,037.31500027",2025-04-13 09:36:54.668144,Bitcoin,84037.315000269800000000,BTC
10278572,"84,025.63500021",2025-04-13 09:36:39.675620,Bitcoin,84025.635000211700000000,BTC
10278492,"84,016.06000032",2025-04-13 09:36:24.655734,Bitcoin,84016.060000321000000000,BTC
10278422,"83,982.71499969",2025-04-13 09:36:19.658348,Bitcoin,83982.714999689300000000,BTC
10278358,"84,012.75500002",2025-04-13 09:36:14.694537,Bitcoin,84012.755000015200000000,BTC
10278283,"83,982.71499969",2025-04-13 09:36:09.864326,Bitcoin,83982.714999689300000000,BTC
10278187,"83,945.86499988",2025-04-13 09:35:49.681890,Bitcoin,83945.864999880100000000,BTC
10278119,"83,950.72000004",2025-04-13 09:35:34.758749,Bitcoin,83950.720000040300000000,BTC
10278050,"83,952.85500004",2025-04-13 09:35:24.638832,Bitcoin,83952.855000038300000000,BTC
10277983,"83,959.29500008",2025-04-13 09:35:04.656258,Bitcoin,83959.295000082700000000,BTC
10277912,"83,992.99000002",2025-04-13 09:34:59.651248,Bitcoin,83992.990000019600000000,BTC
10277841,"83,959.29500008",2025-04-13 09:34:54.638873,Bitcoin,83959.295000082700000000,BTC
10277793,"83,992.99000002",2025-04-13 09:34:39.628538,Bitcoin,83992.990000019600000000,BTC
10277681,"84,000.02999974",2025-04-13 09:34:29.614862,Bitcoin,84000.029999737100000000,BTC
10277562,"83,974.72500018",2025-04-13 09:34:14.623736,Bitcoin,83974.725000176700000000,BTC
10277486,"83,877.18499969",2025-04-13 09:33:54.666248,Bitcoin,83877.184999686800000000,BTC
10277428,"83,862.23499984",2025-04-13 09:33:44.673958,Bitcoin,83862.234999842800000000,BTC
10277347,"83,870.93499975",2025-04-13 09:33:24.644658,Bitcoin,83870.934999750600000000,BTC
10277291,"83,867.10500034",2025-04-13 09:33:14.652799,Bitcoin,83867.105000336300000000,BTC
10277207,"83,900.98499977",2025-04-13 09:33:04.659886,Bitcoin,83900.984999774700000000,BTC
10277123,"83,862.11500019",2025-04-13 09:32:44.622966,Bitcoin,83862.115000187500000000,BTC
10277073,"83,867.30500031",2025-04-13 09:32:29.644719,Bitcoin,83867.305000308600000000,BTC
10277007,"83,859.88999985",2025-04-13 09:32:24.649792,Bitcoin,83859.889999845300000000,BTC
10276954,"83,852.51499984",2025-04-13 09:32:09.637232,Bitcoin,83852.514999841900000000,BTC
10276866,"83,848.87499973",2025-04-13 09:31:59.662385,Bitcoin,83848.874999731300000000,BTC
10276773,"83,815.51499982",2025-04-13 09:31:39.632543,Bitcoin,83815.514999817900000000,BTC
10276680,"83,778.94000026",2025-04-13 09:31:19.742021,Bitcoin,83778.940000255400000000,BTC
10276620,"83,752.02500013",2025-04-13 09:31:09.632796,Bitcoin,83752.025000126700000000,BTC
10276533,"83,751.78500025",2025-04-13 09:30:54.647494,Bitcoin,83751.785000254800000000,BTC
10276476,"83,822.80499996",2025-04-13 09:30:39.637012,Bitcoin,83822.804999958800000000,BTC
10276388,"83,823.99000012",2025-04-13 09:30:29.650381,Bitcoin,83823.990000120600000000,BTC
10276339,"83,841.54499974",2025-04-13 09:30:09.611338,Bitcoin,83841.544999742400000000,BTC
10276279,"83,829.36500024",2025-04-13 09:30:04.678450,Bitcoin,83829.365000238600000000,BTC
10276224,"83,852.67500033",2025-04-13 09:29:49.680419,Bitcoin,83852.675000329300000000,BTC
10276126,"83,834.47499970",2025-04-13 09:29:34.659730,Bitcoin,83834.474999699300000000,BTC
10276049,"83,816.74499990",2025-04-13 09:29:19.643028,Bitcoin,83816.744999903500000000,BTC
10275981,"83,788.54499974",2025-04-13 09:28:54.698727,Bitcoin,83788.544999735600000000,BTC
10275878,"83,767.47500019",2025-04-13 09:28:34.655788,Bitcoin,83767.475000188500000000,BTC
10275814,"83,767.72999978",2025-04-13 09:28:19.646581,Bitcoin,83767.729999780000000000,BTC
10275747,"83,742.79999975",2025-04-13 09:27:59.645109,Bitcoin,83742.799999749300000000,BTC
10275698,"83,759.31500015",2025-04-13 09:27:39.646232,Bitcoin,83759.315000149000000000,BTC
10275622,"83,735.04500004",2025-04-13 09:27:24.658718,Bitcoin,83735.045000040300000000,BTC
10275577,"83,700.90499971",2025-04-13 09:27:14.683380,Bitcoin,83700.904999705300000000,BTC
10275547,"83,715.33500032",2025-04-13 09:27:09.757751,Bitcoin,83715.335000318900000000,BTC
10275455,"83,700.90499971",2025-04-13 09:27:04.653659,Bitcoin,83700.904999705300000000,BTC
10275377,"83,711.89999979",2025-04-13 09:26:49.656003,Bitcoin,83711.899999794800000000,BTC
10275335,"83,693.55499999",2025-04-13 09:26:29.643846,Bitcoin,83693.554999988600000000,BTC
10275267,"83,704.04499974",2025-04-13 09:26:19.652819,Bitcoin,83704.044999742400000000,BTC
10275225,"83,703.70500034",2025-04-13 09:26:04.634432,Bitcoin,83703.705000342300000000,BTC
10275133,"83,704.12499992",2025-04-13 09:25:54.642895,Bitcoin,83704.124999920300000000,BTC
10275053,"83,718.14000002",2025-04-13 09:25:39.652675,Bitcoin,83718.140000015400000000,BTC
10274998,"83,756.06999971",2025-04-13 09:25:14.589848,Bitcoin,83756.069999711700000000,BTC
10274895,"83,739.45999986",2025-04-13 09:25:04.673185,Bitcoin,83739.459999857500000000,BTC
10274819,"83,790.01000012",2025-04-13 09:24:44.627828,Bitcoin,83790.010000123500000000,BTC
10274765,"83,734.48999966",2025-04-13 09:24:34.612446,Bitcoin,83734.489999657400000000,BTC
10274710,"83,745.35999997",2025-04-13 09:24:29.645641,Bitcoin,83745.359999967400000000,BTC
10274648,"83,711.69499966",2025-04-13 09:24:24.639458,Bitcoin,83711.694999664000000000,BTC
10274586,"83,745.35999997",2025-04-13 09:24:19.627139,Bitcoin,83745.359999967400000000,BTC
10274520,"83,711.69499966",2025-04-13 09:24:09.612531,Bitcoin,83711.694999664000000000,BTC
10274424,"83,721.74999980",2025-04-13 09:23:54.627062,Bitcoin,83721.749999797500000000,BTC
10274356,"83,714.22000003",2025-04-13 09:23:44.583291,Bitcoin,83714.220000029400000000,BTC
10274285,"83,740.26499968",2025-04-13 09:23:24.629706,Bitcoin,83740.264999675600000000,BTC
10274238,"83,714.22500029",2025-04-13 09:23:14.614783,Bitcoin,83714.225000288100000000,BTC
10274172,"83,714.12999968",2025-04-13 09:22:59.632839,Bitcoin,83714.129999679900000000,BTC
10274108,"83,728.49499966",2025-04-13 09:22:39.618103,Bitcoin,83728.494999660000000000,BTC
10274042,"83,720.74499990",2025-04-13 09:22:29.604172,Bitcoin,83720.744999903600000000,BTC
10273966,"83,732.71999979",2025-04-13 09:22:19.631326,Bitcoin,83732.719999791600000000,BTC
10273879,"83,766.29999996",2025-04-13 09:21:54.627584,Bitcoin,83766.299999964300000000,BTC
10273806,"83,709.30500027",2025-04-13 09:21:44.617959,Bitcoin,83709.305000272600000000,BTC
10273708,"83,702.14999969",2025-04-13 09:21:24.626344,Bitcoin,83702.149999694000000000,BTC
10273643,"83,702.74499972",2025-04-13 09:21:04.633642,Bitcoin,83702.744999718600000000,BTC
10273568,"83,698.12499969",2025-04-13 09:20:54.606146,Bitcoin,83698.124999690100000000,BTC
10273432,"83,727.36500012",2025-04-13 09:20:39.652333,Bitcoin,83727.365000124300000000,BTC
10273354,"83,727.90000014",2025-04-13 09:20:19.639108,Bitcoin,83727.900000135100000000,BTC
10273282,"83,686.67499981",2025-04-13 09:20:04.666672,Bitcoin,83686.674999813900000000,BTC
10273197,"83,655.20000019",2025-04-13 09:19:54.655041,Bitcoin,83655.200000194900000000,BTC
10273136,"83,650.36000000",2025-04-13 09:19:39.634677,Bitcoin,83650.359999998100000000,BTC
10273037,"83,642.52499967",2025-04-13 09:19:24.606254,Bitcoin,83642.524999667100000000,BTC
10272945,"83,656.56500032",2025-04-13 09:19:09.636489,Bitcoin,83656.565000316900000000,BTC
10272890,"83,668.11499974",2025-04-13 09:19:04.643821,Bitcoin,83668.114999745000000000,BTC
10272842,"83,656.84499967",2025-04-13 09:18:59.634185,Bitcoin,83656.844999674900000000,BTC
10272794,"83,668.11499974",2025-04-13 09:18:54.628875,Bitcoin,83668.114999745000000000,BTC
10272717,"83,656.84499967",2025-04-13 09:18:49.628516,Bitcoin,83656.844999674900000000,BTC
10272648,"83,677.41499979",2025-04-13 09:18:29.629818,Bitcoin,83677.414999788300000000,BTC
10272557,"83,671.19999986",2025-04-13 09:18:24.638587,Bitcoin,83671.199999855100000000,BTC
10272494,"83,683.69500012",2025-04-13 09:18:04.642393,Bitcoin,83683.695000118400000000,BTC
10272406,"83,665.72999970",2025-04-13 09:17:49.655003,Bitcoin,83665.729999703600000000,BTC
10272315,"83,683.64499971",2025-04-13 09:17:34.642546,Bitcoin,83683.644999708300000000,BTC
10272245,"83,673.78500034",2025-04-13 09:17:24.647854,Bitcoin,83673.785000337100000000,BTC
10272124,"83,657.35999979",2025-04-13 09:17:04.675903,Bitcoin,83657.359999788900000000,BTC
10272044,"83,699.21499997",2025-04-13 09:16:44.639728,Bitcoin,83699.214999971900000000,BTC
10271956,"83,732.38499979",2025-04-13 09:16:29.611376,Bitcoin,83732.384999793500000000,BTC
10271873,"83,814.69500015",2025-04-13 09:16:19.630629,Bitcoin,83814.695000146600000000,BTC
10271774,"83,785.68499988",2025-04-13 09:16:04.641987,Bitcoin,83785.684999884200000000,BTC
10271698,"83,722.71500030",2025-04-13 09:15:49.640285,Bitcoin,83722.715000296800000000,BTC
10271629,"83,700.03500023",2025-04-13 09:15:39.641011,Bitcoin,83700.035000231800000000,BTC
10271572,"83,719.18500023",2025-04-13 09:15:14.630803,Bitcoin,83719.185000232300000000,BTC
10271474,"83,754.70499977",2025-04-13 09:15:04.644301,Bitcoin,83754.704999774800000000,BTC
10271409,"83,755.18499999",2025-04-13 09:14:44.610488,Bitcoin,83755.184999992100000000,BTC
10271320,"83,743.10000031",2025-04-13 09:14:29.648997,Bitcoin,83743.100000308000000000,BTC
10271255,"83,781.31500027",2025-04-13 09:14:14.654865,Bitcoin,83781.315000272800000000,BTC
10271146,"83,808.56500033",2025-04-13 09:13:59.651660,Bitcoin,83808.565000333800000000,BTC
10271067,"83,806.15500023",2025-04-13 09:13:39.613487,Bitcoin,83806.155000226500000000,BTC
10271009,"83,788.36500030",2025-04-13 09:13:24.635167,Bitcoin,83788.365000300900000000,BTC
10270962,"83,805.37499969",2025-04-13 09:13:14.599784,Bitcoin,83805.374999691900000000,BTC
10270868,"83,786.78000019",2025-04-13 09:13:04.639402,Bitcoin,83786.780000191500000000,BTC
10270806,"83,788.00000029",2025-04-13 09:12:44.643534,Bitcoin,83788.000000291700000000,BTC
10270729,"83,799.18999988",2025-04-13 09:12:29.639837,Bitcoin,83799.189999878600000000,BTC
10270666,"83,768.34500019",2025-04-13 09:12:19.638131,Bitcoin,83768.345000187400000000,BTC
10270571,"83,796.74000009",2025-04-13 09:11:59.607675,Bitcoin,83796.740000092800000000,BTC
10270498,"83,804.12499991",2025-04-13 09:11:49.625302,Bitcoin,83804.124999913000000000,BTC
10270419,"83,836.52500004",2025-04-13 09:11:24.649390,Bitcoin,83836.525000038800000000,BTC
10270368,"83,839.02500017",2025-04-13 09:11:14.637197,Bitcoin,83839.025000173000000000,BTC
10270303,"83,872.38500007",2025-04-13 09:11:04.639818,Bitcoin,83872.385000073400000000,BTC
10270196,"83,861.32500007",2025-04-13 09:10:54.660529,Bitcoin,83861.325000069500000000,BTC
10270110,"83,814.25000019",2025-04-13 09:10:34.635675,Bitcoin,83814.250000187600000000,BTC
10270021,"83,816.20500006",2025-04-13 09:10:24.635916,Bitcoin,83816.205000064000000000,BTC
10269952,"83,773.71499974",2025-04-13 09:10:14.604115,Bitcoin,83773.714999740200000000,BTC
10269887,"83,796.36500035",2025-04-13 09:09:54.644421,Bitcoin,83796.365000350200000000,BTC
10269807,"83,793.78999999",2025-04-13 09:09:44.663934,Bitcoin,83793.789999989400000000,BTC
10269702,"83,756.79499970",2025-04-13 09:09:29.696797,Bitcoin,83756.794999697400000000,BTC
10269604,"83,738.15500014",2025-04-13 09:09:14.658756,Bitcoin,83738.155000137900000000,BTC
10269559,"83,759.79499989",2025-04-13 09:08:54.630464,Bitcoin,83759.794999888500000000,BTC
10269482,"83,757.48500018",2025-04-13 09:08:39.632214,Bitcoin,83757.485000179300000000,BTC
10269424,"83,700.14500031",2025-04-13 09:08:24.630452,Bitcoin,83700.145000309900000000,BTC
10269359,"83,715.88500005",2025-04-13 09:08:04.629057,Bitcoin,83715.885000052300000000,BTC
10269261,"83,694.44999993",2025-04-13 09:07:44.646084,Bitcoin,83694.449999933200000000,BTC
10269172,"83,669.01999983",2025-04-13 09:07:34.644831,Bitcoin,83669.019999829300000000,BTC
10269078,"83,649.58999970",2025-04-13 09:07:19.645979,Bitcoin,83649.589999696300000000,BTC
10269004,"83,625.59000001",2025-04-13 09:07:09.656228,Bitcoin,83625.590000013500000000,BTC
10268891,"83,638.43500005",2025-04-13 09:06:54.663675,Bitcoin,83638.435000053800000000,BTC
10268810,"83,688.38500014",2025-04-13 09:06:44.638492,Bitcoin,83688.385000143800000000,BTC
10268761,"83,686.36499983",2025-04-13 09:06:29.644930,Bitcoin,83686.364999827700000000,BTC
10268675,"83,691.01499984",2025-04-13 09:06:19.651487,Bitcoin,83691.014999839400000000,BTC
10268630,"83,685.70000004",2025-04-13 09:05:59.608004,Bitcoin,83685.700000036900000000,BTC
10268533,"83,687.74999984",2025-04-13 09:05:54.648239,Bitcoin,83687.749999844900000000,BTC
10268436,"83,715.73999966",2025-04-13 09:05:34.643888,Bitcoin,83715.739999656900000000,BTC
10268381,"83,787.26000026",2025-04-13 09:05:24.633543,Bitcoin,83787.260000261400000000,BTC
10268307,"83,778.40000033",2025-04-13 09:05:09.643496,Bitcoin,83778.400000325100000000,BTC
10268211,"83,731.82500006",2025-04-13 09:04:54.650824,Bitcoin,83731.825000058500000000,BTC
10268143,"83,700.30999992",2025-04-13 09:04:44.637075,Bitcoin,83700.309999918300000000,BTC
10268089,"83,715.93499975",2025-04-13 09:04:19.645304,Bitcoin,83715.934999749300000000,BTC
10268019,"83,702.13000023",2025-04-13 09:04:14.606359,Bitcoin,83702.130000228700000000,BTC
10267897,"83,682.39999973",2025-04-13 09:03:54.639355,Bitcoin,83682.399999732000000000,BTC
10267812,"83,695.35999972",2025-04-13 09:03:44.655478,Bitcoin,83695.359999724800000000,BTC
10267736,"83,680.36499997",2025-04-13 09:03:24.640063,Bitcoin,83680.364999973700000000,BTC
10267672,"83,672.42499987",2025-04-13 09:03:09.616457,Bitcoin,83672.424999867700000000,BTC
10267601,"83,664.56500022",2025-04-13 09:02:59.629849,Bitcoin,83664.565000219100000000,BTC
10267529,"83,674.91499988",2025-04-13 09:02:44.613948,Bitcoin,83674.914999883100000000,BTC
10267429,"83,683.67000026",2025-04-13 09:02:24.634886,Bitcoin,83683.670000256000000000,BTC
10267347,"83,666.16000001",2025-04-13 09:02:19.640420,Bitcoin,83666.160000011000000000,BTC
10267278,"83,666.33500034",2025-04-13 09:01:59.651755,Bitcoin,83666.335000335300000000,BTC
10267184,"83,669.23999968",2025-04-13 09:01:49.644989,Bitcoin,83669.239999675100000000,BTC
10267071,"83,591.24499998",2025-04-13 09:01:29.606506,Bitcoin,83591.244999975900000000,BTC
10266972,"83,546.85499980",2025-04-13 09:01:24.640051,Bitcoin,83546.854999799800000000,BTC
10266880,"83,462.29499969",2025-04-13 09:01:19.632426,Bitcoin,83462.294999688400000000,BTC
10266788,"83,546.85499980",2025-04-13 09:01:14.602337,Bitcoin,83546.854999799800000000,BTC
10266707,"83,462.29499969",2025-04-13 09:00:54.637077,Bitcoin,83462.294999688400000000,BTC
10266639,"83,478.29500025",2025-04-13 09:00:49.636323,Bitcoin,83478.295000254100000000,BTC
10266545,"83,504.18500015",2025-04-13 09:00:39.643493,Bitcoin,83504.185000149100000000,BTC
10266436,"83,547.84000009",2025-04-13 09:00:24.641931,Bitcoin,83547.840000089700000000,BTC
10266377,"83,569.50499979",2025-04-13 09:00:14.634149,Bitcoin,83569.504999793600000000,BTC
10266310,"83,559.95999977",2025-04-13 09:00:09.627358,Bitcoin,83559.959999769600000000,BTC
10266256,"83,550.99000032",2025-04-13 08:59:49.639547,Bitcoin,83550.990000323000000000,BTC
10266132,"83,536.76499978",2025-04-13 08:59:34.656136,Bitcoin,83536.764999778100000000,BTC
10266071,"83,510.58999993",2025-04-13 08:59:14.643062,Bitcoin,83510.589999931300000000,BTC
10265975,"83,513.33499973",2025-04-13 08:59:04.645632,Bitcoin,83513.334999733300000000,BTC
10265890,"83,509.35499970",2025-04-13 08:58:44.645360,Bitcoin,83509.354999695100000000,BTC
10265819,"83,503.65500013",2025-04-13 08:58:34.633240,Bitcoin,83503.655000125600000000,BTC
10265730,"83,478.75499968",2025-04-13 08:58:19.644498,Bitcoin,83478.754999683100000000,BTC
